{"dataset_mean": [-0.08050771802663803, 0.5890748500823975, -1.0813995599746704], "dataset_std": [12.317138671875, 9.370230674743652, 0.8979652523994446], "pose_mean": [-3.6344081308925524e-05, -0.01765310764312744, 1.0260169506072998, -6.305006536422297e-05, 4.4012303987983614e-05, 3.314675950605306e-06], "pose_std": [0.024274777621030807, 0.013814806006848812, 0.4693661630153656, 0.0030703293159604073, 0.017424309626221657, 0.002628801856189966]}